{"roomArea1-05": {"min_temperature": 17.051164672480155, "max_temperature": 26.893966059320235, "median_temperature": 21.779096170516624, "avarage_temperature": 22.148114274481724, "min_humidity": 87.39763921416981, "max_humidity": 96.91982120756491, "median_humidity": 92.23386376049454, "avarage_humidity": 92.13552929216645}, "roomArea1-12": {"min_temperature": 17.131516143032545, "max_temperature": 26.81210774807539, "median_temperature": 23.30115407701861, "avarage_temperature": 22.66811767899379, "min_humidity": 87.03293224165277, "max_humidity": 96.79678260194869, "median_humidity": 93.79480232612667, "avarage_humidity": 91.92838033161298}, "roomArea1-06": {"min_temperature": 17.115379021766792, "max_temperature": 26.69366677048858, "median_temperature": 21.98247815504306, "avarage_temperature": 22.028744978450472, "min_humidity": 87.38030981669365, "max_humidity": 96.99954297852648, "median_humidity": 90.23644920074133, "avarage_humidity": 91.76628671007383}, "roomArea1-02": {"min_temperature": 17.174948951389467, "max_temperature": 24.993608836706205, "median_temperature": 20.398750806400496, "avarage_temperature": 20.48403233045855, "min_humidity": 87.16458306813905, "max_humidity": 96.76406125228898, "median_humidity": 92.99017433050801, "avarage_humidity": 92.22179333569134}, "roomArea1-08": {"min_temperature": 17.21858483236873, "max_temperature": 26.966150000804, "median_temperature": 21.18049492821814, "avarage_temperature": 21.450648986302127, "min_humidity": 87.33859013208135, "max_humidity": 96.85910388467508, "median_humidity": 93.99139840403433, "avarage_humidity": 92.03851040015296}, "roomArea1-09": {"min_temperature": 17.328260061188885, "max_temperature": 26.93380885689973, "median_temperature": 22.692213449588447, "avarage_temperature": 22.41565994928621, "min_humidity": 87.36379770773522, "max_humidity": 96.75576171421113, "median_humidity": 92.46544579115698, "avarage_humidity": 92.9044684252774}, "roomArea1-10": {"min_temperature": 17.11660766811792, "max_temperature": 26.98035967139652, "median_temperature": 21.030591199485308, "avarage_temperature": 21.60504985799525, "min_humidity": 87.12824738600224, "max_humidity": 96.81726470292452, "median_humidity": 92.6664995018331, "avarage_humidity": 92.18557787329017}, "roomArea1-07": {"min_temperature": 17.412651813808782, "max_temperature": 26.061929800048965, "median_temperature": 21.476036473406303, "avarage_temperature": 21.687595747552283, "min_humidity": 87.23340972758315, "max_humidity": 96.3425381380177, "median_humidity": 93.94076309492411, "avarage_humidity": 92.27008889107101}, "roomArea1-11": {"min_temperature": 17.365022116147294, "max_temperature": 26.74245304745064, "median_temperature": 21.999350547117672, "avarage_temperature": 22.15786143209235, "min_humidity": 87.15455985526175, "max_humidity": 96.94181701636984, "median_humidity": 91.77022672522111, "avarage_humidity": 92.16240264978747}, "roomArea1-04": {"min_temperature": 17.005340236963963, "max_temperature": 26.907201111930977, "median_temperature": 21.537181183341893, "avarage_temperature": 21.752663490562593, "min_humidity": 87.17524081987989, "max_humidity": 96.62697138875525, "median_humidity": 88.77846732758312, "avarage_humidity": 91.11079171425119}, "roomArea1-03": {"min_temperature": 17.13498212392368, "max_temperature": 26.67370438538054, "median_temperature": 21.216446954260746, "avarage_temperature": 21.75752678214484, "min_humidity": 87.11351144919757, "max_humidity": 96.75588749638816, "median_humidity": 94.11489296487053, "avarage_humidity": 92.04270180176214}, "roomArea3-05": {"min_temperature": 17.219402177540896, "max_temperature": 26.842786518774517, "median_temperature": 21.029846269727834, "avarage_temperature": 21.357936788989054, "min_humidity": 87.26647017884657, "max_humidity": 96.88580324973023, "median_humidity": 92.03742500524186, "avarage_humidity": 91.75804479035538}, "roomArea3-12": {"min_temperature": 17.53677509945073, "max_temperature": 26.98179300279191, "median_temperature": 22.609928366831944, "avarage_temperature": 21.954576306938254, "min_humidity": 87.38546059978924, "max_humidity": 96.90917098953813, "median_humidity": 93.80267331069602, "avarage_humidity": 92.20098540452669}, "roomArea3-06": {"min_temperature": 17.141040264416574, "max_temperature": 26.979058066575472, "median_temperature": 21.351161928859653, "avarage_temperature": 21.876879166283214, "min_humidity": 87.10890537505557, "max_humidity": 96.70775522452789, "median_humidity": 91.7174454395757, "avarage_humidity": 92.19004387510915}, "roomArea3-02": {"min_temperature": 17.573081169430857, "max_temperature": 25.93331731363279, "median_temperature": 23.575467423267995, "avarage_temperature": 22.516378663375516, "min_humidity": 87.25308262964467, "max_humidity": 96.79697932460016, "median_humidity": 90.59902901522808, "avarage_humidity": 92.71803709130347}, "roomArea3-08": {"min_temperature": 17.07299929404325, "max_temperature": 26.85497701290079, "median_temperature": 22.429569806575813, "avarage_temperature": 22.17759294755719, "min_humidity": 87.22393590248849, "max_humidity": 96.59124508352191, "median_humidity": 90.59306956536702, "avarage_humidity": 91.7660100471365}, "roomArea3-09": {"min_temperature": 17.069630059269155, "max_temperature": 26.95381244834025, "median_temperature": 22.712133092988275, "avarage_temperature": 22.144386767872977, "min_humidity": 87.19207925644594, "max_humidity": 96.98659751767917, "median_humidity": 95.29983150249637, "avarage_humidity": 92.6666575488439}, "roomArea3-10": {"min_temperature": 17.84135308523168, "max_temperature": 26.951763663646215, "median_temperature": 22.42477238057502, "avarage_temperature": 21.893068873700113, "min_humidity": 87.07559724016208, "max_humidity": 96.71642920158766, "median_humidity": 91.34985586531346, "avarage_humidity": 91.55006710623663}, "roomArea3-07": {"min_temperature": 17.439980500159916, "max_temperature": 26.950620615170273, "median_temperature": 21.204162792262274, "avarage_temperature": 21.81936771757017, "min_humidity": 87.02600069483388, "max_humidity": 96.9210767472363, "median_humidity": 93.88946112692929, "avarage_humidity": 92.71956208738675}, "roomArea3-11": {"min_temperature": 17.4116020575428, "max_temperature": 26.804511366701714, "median_temperature": 21.865134078594046, "avarage_temperature": 22.271355190252788, "min_humidity": 87.08657485674279, "max_humidity": 96.58853719747044, "median_humidity": 89.48994640133485, "avarage_humidity": 91.39442310661185}, "roomArea3-04": {"min_temperature": 17.209984562176608, "max_temperature": 26.78628306988793, "median_temperature": 22.5109197601141, "avarage_temperature": 22.230207885815545, "min_humidity": 87.20540732511459, "max_humidity": 96.92016451155865, "median_humidity": 89.90674399597478, "avarage_humidity": 91.4418092764609}, "roomArea3-03": {"min_temperature": 17.12625286297698, "max_temperature": 26.333581010608043, "median_temperature": 21.245535731510945, "avarage_temperature": 21.302829688781006, "min_humidity": 87.10534896882336, "max_humidity": 96.6944742803633, "median_humidity": 92.24622838578735, "avarage_humidity": 91.48526156309207}, "roomArea2-05": {"min_temperature": 17.1336613467147, "max_temperature": 26.65221924224917, "median_temperature": 21.052172161560822, "avarage_temperature": 21.316406898888808, "min_humidity": 87.04992702497108, "max_humidity": 96.60958886313166, "median_humidity": 94.9400718980758, "avarage_humidity": 92.09018928386949}, "roomArea2-12": {"min_temperature": 17.515440998548595, "max_temperature": 26.111501951125874, "median_temperature": 20.519147109362294, "avarage_temperature": 21.238933952989466, "min_humidity": 87.09592755666426, "max_humidity": 96.69664968344897, "median_humidity": 88.5755121333597, "avarage_humidity": 90.73674158417977}, "roomArea2-06": {"min_temperature": 17.12859330452798, "max_temperature": 26.794735535817644, "median_temperature": 22.387367847907615, "avarage_temperature": 22.290364935407258,